DAUID,DA_address,Target_name,Target_address,Distance (km)
59170126,"3148 Fifth St, Victoria, BC V8X 1E7",Mayfair Shopping Centre,"3147 Douglas St, Victoria, BC V8Z 6E3",0.65
59170126,"847 Villance St, Victoria, BC V8X 2P5",Mayfair Shopping Centre,"3147 Douglas St, Victoria, BC V8Z 6E3",0.39
59170127,"3000 Quadra St, Victoria, BC V8T 4G3",Mayfair Shopping Centre,"3147 Douglas St, Victoria, BC V8Z 6E3",0.69
59170127,"3037 Josette Pl, Victoria, BC V8T 4Z9",Mayfair Shopping Centre,"3147 Douglas St, Victoria, BC V8Z 6E3",0.82
59170127,"3118 Rutledge St, Victoria, BC V8X 1N2",Mayfair Shopping Centre,"3147 Douglas St, Victoria, BC V8Z 6E3",0.34
59170127,"3118 Rutledge St, Victoria, BC V8X 1N2",Douglas Centre,"2950 Douglas St, Victoria, BC V8T 4N4",0.5
59170128,"1120 Finlayson St, Victoria, BC V8T 2T9",Mayfair Shopping Centre,"3147 Douglas St, Victoria, BC V8Z 6E3",0.89
59170128,"1345 Lang St, Victoria, BC V8T 2S4",Hillside Centre,"1644 Hillside Ave #7, Victoria, BC V8P 4B6",1.08
59170129,"3147 Mars St, Victoria, BC V8X 1B9",Mayfair Shopping Centre,"3147 Douglas St, Victoria, BC V8Z 6E3",1.16
59170130,"1422 Lang St, Victoria, BC V8T 2S7",Hillside Centre,"1644 Hillside Ave #7, Victoria, BC V8P 4B6",0.91
59170130,"1440 Lang St, Victoria, BC V8T 2S7",Hillside Centre,"1644 Hillside Ave #7, Victoria, BC V8P 4B6",0.78
59170131,"1545 Burton Ave, Victoria, BC V8T 2N3",Hillside Centre,"1644 Hillside Ave #7, Victoria, BC V8P 4B6",0.43
59170131,"2930 Gosworth Rd, Victoria, BC V8T 3C7",Hillside Centre,"1644 Hillside Ave #7, Victoria, BC V8P 4B6",0.59
59170132,"1444 Edgeware Rd, Victoria, BC V8T 2J5",Hillside Centre,"1644 Hillside Ave #7, Victoria, BC V8P 4B6",0.71
59170132,"2933 Cedar Hill Rd, Victoria, BC V8T 3H8",Hillside Centre,"1644 Hillside Ave #7, Victoria, BC V8P 4B6",0.84
59170133,"1360 Hillside Ave, Victoria, BC V8T 2B5",Hillside Centre,"1644 Hillside Ave #7, Victoria, BC V8P 4B6",0.93
59170133,"1443 Westall Ave, Victoria, BC V8T 2G4",Hillside Centre,"1644 Hillside Ave #7, Victoria, BC V8P 4B6",0.38
59170134,"2750 Mt. Stephen Ave, Victoria, BC V8T 2B3",Hillside Centre,"1644 Hillside Ave #7, Victoria, BC V8P 4B6",1.11
59170135,"1251 Acton St, Victoria, BC V8T 1Y1",Hillside Centre,"1644 Hillside Ave #7, Victoria, BC V8P 4B6",1.1
59170135,"2737 Avebury Ave, Victoria, BC V8R 3W5",Hillside Centre,"1644 Hillside Ave #7, Victoria, BC V8P 4B6",1.28
59170136,"2536 Garden St, Victoria, BC V8T 3G5",Blanshard Centre,"770 Bay St, Victoria, BC V8T 5E4",1.25
59170136,"2640 Cedar Hill Rd, Victoria, BC V8T 3H2",Blanshard Centre,"770 Bay St, Victoria, BC V8T 5E4",1.23
59170137,"2522 Avebury Ave, Victoria, BC V8R 3V9",Hillside Centre,"1644 Hillside Ave #7, Victoria, BC V8P 4B6",1.3
59170137,"2636 Roseberry Ave, Victoria, BC V8R 3T7",Hillside Centre,"1644 Hillside Ave #7, Victoria, BC V8P 4B6",1.14
59170138,"2544 Forbes St, Victoria, BC V8R 4B8",Hillside Centre,"1644 Hillside Ave #7, Victoria, BC V8P 4B6",1.23
59170138,"2634 Belmont Ave, Victoria, BC V8R 4A6",Hillside Centre,"1644 Hillside Ave #7, Victoria, BC V8P 4B6",1.03
59170139,"1440 Taunton St, Victoria, BC V8R 1W9",Hillside Centre,"1644 Hillside Ave #7, Victoria, BC V8P 4B6",1.59
59170139,"1453 Walnut St, Victoria, BC V8R 1Y7",Hillside Centre,"1644 Hillside Ave #7, Victoria, BC V8P 4B6",1.46
59170140,"1325 Denman St, Victoria, BC V8R 1X4",Hillside Centre,"1644 Hillside Ave #7, Victoria, BC V8P 4B6",1.51
59170140,"1337 Gladstone Ave, Victoria, BC V8R 1R9",Blanshard Centre,"770 Bay St, Victoria, BC V8T 5E4",1.62
59170141,"1270 Denman St, Victoria, BC V8T 1L8",Blanshard Centre,"770 Bay St, Victoria, BC V8T 5E4",1.33
59170141,"2412 Cedar Hill Rd, Victoria, BC V8T 3G7",Blanshard Centre,"770 Bay St, Victoria, BC V8T 5E4",1.16
59170142,"1150 Queens Ave, Victoria, BC V8T 1M9",Blanshard Centre,"770 Bay St, Victoria, BC V8T 5E4",0.98
59170142,"1224 Princess Ave, Victoria, BC V8T 1L5",Blanshard Centre,"770 Bay St, Victoria, BC V8T 5E4",1.17
59170143,"1137 Caledonia Ave, Victoria, BC V8T 1E9",Blanshard Centre,"770 Bay St, Victoria, BC V8T 5E4",1.13
59170143,"1284D Gladstone Ave, Victoria, BC V8T 1G6",Blanshard Centre,"770 Bay St, Victoria, BC V8T 5E4",1.31
59170143,"1907 Chambers St, Victoria, BC V8T 3K5",Blanshard Centre,"770 Bay St, Victoria, BC V8T 5E4",1.23
59170143,"935 Caledonia Ave, Victoria, BC V8T 1E7",Blanshard Centre,"770 Bay St, Victoria, BC V8T 5E4",0.58
59170144,"1022 N Park St, Victoria, BC V8T 1C6",Blanshard Centre,"770 Bay St, Victoria, BC V8T 5E4",0.98
59170144,"1034 Princess Ave, Victoria, BC V8T 1L1",Blanshard Centre,"770 Bay St, Victoria, BC V8T 5E4",0.79
59170145,"2323 Vancouver St, Victoria, BC V8T 4A2",Blanshard Centre,"770 Bay St, Victoria, BC V8T 5E4",0.67
59170146,"2555 Vancouver St, Victoria, BC V8T 4A6",Blanshard Centre,"770 Bay St, Victoria, BC V8T 5E4",0.56
59170147,"2511 Quadra St, Victoria, BC V8T 4E1",Blanshard Centre,"770 Bay St, Victoria, BC V8T 5E4",0.44
59170148,"2317 Dowler Pl, Victoria, BC V8T 4H5",Blanshard Centre,"770 Bay St, Victoria, BC V8T 5E4",0.27
59170148,"2501 Dowler Pl, Victoria, BC V8T 4H7",Blanshard Centre,"770 Bay St, Victoria, BC V8T 5E4",0.22
59170148,"2533 Dowler Pl, Victoria, BC V8T 4H7",Blanshard Centre,"770 Bay St, Victoria, BC V8T 5E4",0.2
59170149,"2620 Dowler Pl, Victoria, BC V8T 4H8",Blanshard Centre,"770 Bay St, Victoria, BC V8T 5E4",0.31
59170149,"955 Hillside Ave, Victoria, BC V8T 1Z9",Blanshard Centre,"770 Bay St, Victoria, BC V8T 5E4",0.31
59170150,"723 Field St, Victoria, BC V8T 1N7",Blanshard Centre,"770 Bay St, Victoria, BC V8T 5E4",0.19
59170151,"932 Market St, Victoria, BC V8T 2E9",Blanshard Centre,"770 Bay St, Victoria, BC V8T 5E4",0.53
59170152,"272 Fifth St, Victoria, BC V8T 4E8",Mayfair Shopping Centre,"3147 Douglas St, Victoria, BC V8Z 6E3",0.8
59170152,"2735 Fifth St, Victoria, BC V8T 4B1",Blanshard Centre,"770 Bay St, Victoria, BC V8T 5E4",0.63
59170153,"2648 Graham St, Victoria, BC V8T 3Y9",Blanshard Centre,"770 Bay St, Victoria, BC V8T 5E4",0.59
59170154,"2840 Prior St, Victoria, BC V8T 3Y3",Blanshard Centre,"770 Bay St, Victoria, BC V8T 5E4",0.87
59170155,"2631 Blackwood St, Victoria, BC V8T 3W3",Blanshard Centre,"770 Bay St, Victoria, BC V8T 5E4",0.82
59170156,"1250 Vista Heights, Victoria, BC V8T 2H8",Blanshard Centre,"770 Bay St, Victoria, BC V8T 5E4",1.03
59170156,"1345 Topaz Ave, Victoria, BC V8T 4Z2",Hillside Centre,"1644 Hillside Ave #7, Victoria, BC V8P 4B6",1.05
59170157,"2526 Wesley Pl, Victoria, BC V8T 1V2",Blanshard Centre,"770 Bay St, Victoria, BC V8T 5E4",1.03
59170157,"2576 Empire St, Victoria, BC V8T 3M6",Blanshard Centre,"770 Bay St, Victoria, BC V8T 5E4",0.93
59170161,"1708 Quadra St, Victoria, BC V8W 2L8",Blanshard Centre,"770 Bay St, Victoria, BC V8T 5E4",0.43
59170162,"1028 Balmoral Rd, Victoria, BC V8T 1A8",The Bay Centre,"1150 Douglas St, Victoria, BC V8W 3M9",0.98
59170162,"1565 Vancouver St, Victoria, BC V8V 0C8",Blanshard Centre,"770 Bay St, Victoria, BC V8T 5E4",0.82
59170163,"930 Yates St, Victoria, BC V8V 4Z3",The Bay Centre,"1150 Douglas St, Victoria, BC V8W 3M9",0.64
59170164,"1030 Yates St, Victoria, BC V8V 5A7",The Bay Centre,"1150 Douglas St, Victoria, BC V8W 3M9",0.84
59170165,"1144 View St, Victoria, BC V8V 3M1",Cook Street Shopping Hub,"325 Cook St, Victoria, BC V8V 3X5",1.12
59170166,"1132 Johnson St, Victoria, BC V8V 3N8",The Bay Centre,"1150 Douglas St, Victoria, BC V8W 3M9",1.09
59170166,"1215 Johnson St, Victoria, BC V8V 3N9",The Bay Centre,"1150 Douglas St, Victoria, BC V8W 3M9",1.2
59170167,"1607 Rebecca St, Victoria, BC V8T 3N3",The Bay Centre,"1150 Douglas St, Victoria, BC V8W 3M9",1.15
59170168,"1229 Pandora Ave, Victoria, BC V8V 3R3",The Bay Centre,"1150 Douglas St, Victoria, BC V8W 3M9",1.33
59170168,"26-1132 Johnson St, Victoria, BC V8V 3N8",The Bay Centre,"1150 Douglas St, Victoria, BC V8W 3M9",1.09
59170169,"1230 Balmoral Rd, Victoria, BC V8T 1B3",The Bay Centre,"1150 Douglas St, Victoria, BC V8W 3M9",1.37
59170169,"1285 Balmoral Rd, Victoria, BC V8T 1B4",The Bay Centre,"1150 Douglas St, Victoria, BC V8W 3M9",1.53
59170170,"1215 Johnson St, Victoria, BC V8V 3N9",The Bay Centre,"1150 Douglas St, Victoria, BC V8W 3M9",1.2
59170170,"1250 Johnson St, Victoria, BC V8V 4L4",The Bay Centre,"1150 Douglas St, Victoria, BC V8W 3M9",1.31
59170170,"1323 Johnson St, Victoria, BC V8V 3P2",The Bay Centre,"1150 Douglas St, Victoria, BC V8W 3M9",0.61
59170171,"1404 Harrison St, Victoria, BC V8S 3S2",Fairfield Village Shopping Centre,"1516 Fairfield Rd, Victoria, BC V8S 1G1",1.49
59170172,"1436 Elford St, Victoria, BC V8S 3S8",Fairfield Village Shopping Centre,"1516 Fairfield Rd, Victoria, BC V8S 1G1",1.48
59170174,"1337 Grant St, Victoria, BC V8R 1M2",Blanshard Centre,"770 Bay St, Victoria, BC V8T 5E4",1.71
59170174,"1434 Grant St, Victoria, BC V8R 1M5",Fairfield Village Shopping Centre,"1516 Fairfield Rd, Victoria, BC V8S 1G1",1.79
59170175,"1436 Gladstone Ave, Victoria, BC V8R 1S3",Hillside Centre,"1644 Hillside Ave #7, Victoria, BC V8P 4B6",1.75
59170175,"1551 Gladstone Ave, Victoria, BC V8R 1S4",Hillside Centre,"1644 Hillside Ave #7, Victoria, BC V8P 4B6",1.79
59170175,"2234 Forbes St, Victoria, BC V8R 4B4",Hillside Centre,"1644 Hillside Ave #7, Victoria, BC V8P 4B6",1.6
59170177,"1530 Belcher Ave, Victoria, BC V8R 4N1",Fairfield Village Shopping Centre,"1516 Fairfield Rd, Victoria, BC V8S 1G1",1.68
59170178,"1550 Richmond Ave, Victoria, BC V8R 4P6",Fairfield Village Shopping Centre,"1516 Fairfield Rd, Victoria, BC V8S 1G1",1.76
59170179,"1827 Chestnut St, Victoria, BC V8R 4N6",Hillside Centre,"1644 Hillside Ave #7, Victoria, BC V8P 4B6",1.86
59170180,"1607 Fell St, Victoria, BC V8R 4V9",Fairfield Village Shopping Centre,"1516 Fairfield Rd, Victoria, BC V8S 1G1",1.87
59170180,"1746 Davie St, Victoria, BC V8R 4W6",Hillside Centre,"1644 Hillside Ave #7, Victoria, BC V8P 4B6",1.95
59170181,"1605 Redfern St, Victoria, BC V8R 4X3",Fairfield Village Shopping Centre,"1516 Fairfield Rd, Victoria, BC V8S 1G1",1.94
59170181,"1732 Amphion St, Victoria, BC V8R 4Z7",Hillside Centre,"1644 Hillside Ave #7, Victoria, BC V8P 4B6",2.07
59170197,"941 Lawndale Ave, Victoria, BC V8S 4C9",Fairfield Village Shopping Centre,"1516 Fairfield Rd, Victoria, BC V8S 1G1",1.46
59170198,"1041 Chamberlain St, Victoria, BC V8S 4C1",Fairfield Village Shopping Centre,"1516 Fairfield Rd, Victoria, BC V8S 1G1",1.68
59170199,"1750 Rockland Ave, Victoria, BC V8S 1W9",Fairfield Village Shopping Centre,"1516 Fairfield Rd, Victoria, BC V8S 1G1",1.37
59170200,"34 Armine Pl, Victoria, BC V8S 1S7",Fairfield Village Shopping Centre,"1516 Fairfield Rd, Victoria, BC V8S 1G1",0.91
59170200,"801 Bank St, Victoria, BC V8S 4A8",Fairfield Village Shopping Centre,"1516 Fairfield Rd, Victoria, BC V8S 1G1",1.13
59170201,"1530 Despard Ave, Victoria, BC V8S 1T3",Fairfield Village Shopping Centre,"1516 Fairfield Rd, Victoria, BC V8S 1G1",0.75
59170201,"1730 Algoa Pl, Victoria, BC V8S 5J6",Fairfield Village Shopping Centre,"1516 Fairfield Rd, Victoria, BC V8S 1G1",1.08
59170202,"1708 Chandler Ave, Victoria, BC V8S 1N6",Fairfield Village Shopping Centre,"1516 Fairfield Rd, Victoria, BC V8S 1G1",0.54
59170203,"1737 Fairfield Rd, Victoria, BC V8S 1G6",Fairfield Village Shopping Centre,"1516 Fairfield Rd, Victoria, BC V8S 1G1",0.51
59170203,"237 Wildwood Ave, Victoria, BC V8S 3W2",Fairfield Village Shopping Centre,"1516 Fairfield Rd, Victoria, BC V8S 1G1",0.42
59170204,"326 Irving Rd, Victoria, BC V8S 4A2",Fairfield Village Shopping Centre,"1516 Fairfield Rd, Victoria, BC V8S 1G1",0.74
59170204,"443 Chadwick Pl, Victoria, BC V8S 1H4",Fairfield Village Shopping Centre,"1516 Fairfield Rd, Victoria, BC V8S 1G1",1.09
59170224,"1733 Kings Rd, Victoria, BC V8R 2N9",Hillside Centre,"1644 Hillside Ave #7, Victoria, BC V8P 4B6",1.01
59170225,"1651 Pearl St, Victoria, BC V8R 2Z2",Hillside Centre,"1644 Hillside Ave #7, Victoria, BC V8P 4B6",0.5
59170226,"2646 Scott St, Victoria, BC V8R 4H9",Hillside Centre,"1644 Hillside Ave #7, Victoria, BC V8P 4B6",0.95
59170227,"1543 Pearl St, Victoria, BC V8R 2Y8",Hillside Centre,"1644 Hillside Ave #7, Victoria, BC V8P 4B6",0.48
59170227,"1546 Westall Ave, Victoria, BC V8T 2G7",Hillside Centre,"1644 Hillside Ave #7, Victoria, BC V8P 4B6",0.36
59170228,"1435 Myrtle Ave, Victoria, BC V8R 2Z5",Hillside Centre,"1644 Hillside Ave #7, Victoria, BC V8P 4B6",0.66
59170229,"1637 Burton Ave, Victoria, BC V8T 2N5",Hillside Centre,"1644 Hillside Ave #7, Victoria, BC V8P 4B6",0.24
59170272,"142 Beechwood Ave, Victoria, BC V8S 3W5",Fairfield Village Shopping Centre,"1516 Fairfield Rd, Victoria, BC V8S 1G1",0.53
59170273,"1450 Hamley St, Victoria, BC V8S 1N1",Fairfield Village Shopping Centre,"1516 Fairfield Rd, Victoria, BC V8S 1G1",0.46
59170273,"339 Stannard Ave, Victoria, BC V8S 3M3",Fairfield Village Shopping Centre,"1516 Fairfield Rd, Victoria, BC V8S 1G1",0.08
59170274,"1322 D Thurlow Rd, Victoria, BC V8S 1L6",Fairfield Village Shopping Centre,"1516 Fairfield Rd, Victoria, BC V8S 1G1",0.49
59170274,"1331 Vimy Pl, Victoria, BC V8S 1C5",Fairfield Village Shopping Centre,"1516 Fairfield Rd, Victoria, BC V8S 1G1",0.63
59170274,"1423 Fairfield Rd, Victoria, BC V8S 1E6",Fairfield Village Shopping Centre,"1516 Fairfield Rd, Victoria, BC V8S 1G1",0.39
59170275,"1315 Richardson St, Victoria, BC V8S 1P6",Cook Street Shopping Hub,"325 Cook St, Victoria, BC V8V 3X5",0.77
59170275,"1329 Minto St, Victoria, BC V8S 1P3",Cook Street Shopping Hub,"325 Cook St, Victoria, BC V8V 3X5",0.76
59170275,"441 Stannard Ave, Victoria, BC V8S 3M6",Fairfield Village Shopping Centre,"1516 Fairfield Rd, Victoria, BC V8S 1G1",0.32
59170275,"524C St Charles St, Victoria, BC V8S 3N7",Fairfield Village Shopping Centre,"1516 Fairfield Rd, Victoria, BC V8S 1G1",1.06
59170275,"711 Robleda Crescent, Victoria, BC V8S 3K6",Fairfield Village Shopping Centre,"1516 Fairfield Rd, Victoria, BC V8S 1G1",0.82
59170276,"614 Cornwall St, Victoria, BC V8V 4L1",Cook Street Shopping Hub,"325 Cook St, Victoria, BC V8V 3X5",0.57
59170276,"801 Langham Ct, Victoria, BC V8V 4J3",Cook Street Shopping Hub,"325 Cook St, Victoria, BC V8V 3X5",0.75
59170277,"1310 Rockland Ave, Victoria, BC V8S 1V5",Cook Street Shopping Hub,"325 Cook St, Victoria, BC V8V 3X5",0.98
59170277,"1314 Manor Rd, Victoria, BC V8S 2A2",Fairfield Village Shopping Centre,"1516 Fairfield Rd, Victoria, BC V8S 1G1",0.97
59170278,"1012 Pentrelew Pl, Victoria, BC V8V 4J4",Cook Street Shopping Hub,"325 Cook St, Victoria, BC V8V 3X5",0.98
59170279,"1144 Rockland Ave, Victoria, BC V8V 3H7",Cook Street Shopping Hub,"325 Cook St, Victoria, BC V8V 3X5",0.89
59170280,"1020 Richardson St, Victoria, BC V8V 3C5",Cook Street Shopping Hub,"325 Cook St, Victoria, BC V8V 3X5",0.6
59170280,"1138 McClure St, Victoria, BC V8V 3G2",Cook Street Shopping Hub,"325 Cook St, Victoria, BC V8V 3X5",0.69
59170281,"1019 Rockland Ave, Victoria, BC V8V 3H6",Cook Street Shopping Hub,"325 Cook St, Victoria, BC V8V 3X5",0.82
59170282,"929 Burdett Ave, Victoria, BC V8V 3G6",The Bay Centre,"1150 Douglas St, Victoria, BC V8W 3M9",0.39
59170285,"1027 Collinson St, Victoria, BC V8V 3B9",Cook Street Shopping Hub,"325 Cook St, Victoria, BC V8V 3X5",0.46
59170286,"1030 Pendergast St, Victoria, BC V8V 2X2",Cook Street Shopping Hub,"325 Cook St, Victoria, BC V8V 3X5",0.18
59170286,"1038 Harling Ln, Victoria, BC V8V 3T6",Cook Street Shopping Hub,"325 Cook St, Victoria, BC V8V 3X5",0.29
59170287,"419 Chester Ave, Victoria, BC V8V 4B9",Cook Street Shopping Hub,"325 Cook St, Victoria, BC V8V 3X5",0.23
59170288,"1255 Oscar St, Victoria, BC V8V 2X6",Cook Street Shopping Hub,"325 Cook St, Victoria, BC V8V 3X5",0.45
59170288,"354 Chester Ave, Victoria, BC V8V 4B6",Cook Street Shopping Hub,"325 Cook St, Victoria, BC V8V 3X5",0.16
59170289,"535 Su'it St, Victoria, BC V8V 4C3",Cook Street Shopping Hub,"325 Cook St, Victoria, BC V8V 3X5",0.47
59170290,"1017 Oliphant Ave, Victoria, BC V8V 2T9",Cook Street Shopping Hub,"325 Cook St, Victoria, BC V8V 3X5",0.18
59170290,"1147 Oxford St, Victoria, BC V8V 2V2",Cook Street Shopping Hub,"325 Cook St, Victoria, BC V8V 3X5",0.15
59170291,"1236 Chapman St, Victoria, BC V8V 2T8",Cook Street Shopping Hub,"325 Cook St, Victoria, BC V8V 3X5",0.4
59170291,"135 Howe St, Victoria, BC V8V 4K5",Cook Street Shopping Hub,"325 Cook St, Victoria, BC V8V 3X5",0.6
59170292,"1125 Faithful St, Victoria, BC V8V 2R5",Cook Street Shopping Hub,"325 Cook St, Victoria, BC V8V 3X5",0.53
59170292,"127 Cambridge St, Victoria, BC V8V 4B1",Cook Street Shopping Hub,"325 Cook St, Victoria, BC V8V 3X5",0.44
59170292,"45 Cambridge St, Victoria, BC V8V 4A7",Cook Street Shopping Hub,"325 Cook St, Victoria, BC V8V 3X5",0.65
59170293,"19 Marlborough St, Victoria, BC V8V 4A5",Cook Street Shopping Hub,"325 Cook St, Victoria, BC V8V 3X5",0.7
59170293,"41 Wellington Ave, Victoria, BC V8V 4H5",Cook Street Shopping Hub,"325 Cook St, Victoria, BC V8V 3X5",0.76
59170294,"1321 George St, Victoria, BC V8S 1A8",Cook Street Shopping Hub,"325 Cook St, Victoria, BC V8V 3X5",0.9
59170294,"188 Bushby St, Victoria, BC V8S 1B6",Fairfield Village Shopping Centre,"1516 Fairfield Rd, Victoria, BC V8S 1G1",0.53
59170295,"1025 Sutlej St, Victoria, BC V8V 2V9",Cook Street Shopping Hub,"325 Cook St, Victoria, BC V8V 3X5",0.17
59170295,"216 Vancouver St, Victoria, BC V8V 3S8",Cook Street Shopping Hub,"325 Cook St, Victoria, BC V8V 3X5",0.31
59170296,"235 St Andrews St, Victoria, BC V8V 2N1",Menzies Street Commercial hub,"239 Menzies St #101, Victoria, BC V8V 2G6",0.46
59170296,"620 Avalon Rd, Victoria, BC V8V 1N7",Menzies Street Commercial hub,"239 Menzies St #101, Victoria, BC V8V 2G6",0.38
59170297,"427 Government St, Victoria, BC V8V 2L4",Menzies Street Commercial hub,"239 Menzies St #101, Victoria, BC V8V 2G6",0.34
59170298,"425 Quebec St, Victoria, BC V8V 1W7",Menzies Street Commercial hub,"239 Menzies St #101, Victoria, BC V8V 2G6",0.42
59170298,"431 Powell St, Victoria, BC V8V 2J3",Menzies Street Commercial hub,"239 Menzies St #101, Victoria, BC V8V 2G6",0.2
59170298,"431 Powell St, Victoria, BC V8V 2J3",James Bay Square,"425 Simcoe St, Victoria, BC V8V 4T3",0.4
59170298,"617 Government St, Victoria, BC V8V 1X6",Menzies Street Commercial hub,"239 Menzies St #101, Victoria, BC V8V 2G6",0.46
59170299,"215 Government St, Victoria, BC V8V 2K8",Menzies Street Commercial hub,"239 Menzies St #101, Victoria, BC V8V 2G6",0.43
59170299,"575 Marifield Ave, Victoria, BC V8V 1N3",Menzies Street Commercial hub,"239 Menzies St #101, Victoria, BC V8V 2G6",0.25
59170299,"575 Marifield Ave, Victoria, BC V8V 1N3",James Bay Square,"425 Simcoe St, Victoria, BC V8V 4T3",0.39
59170300,"136 S Turner St, Victoria, BC V8V 2J8",Menzies Street Commercial hub,"239 Menzies St #101, Victoria, BC V8V 2G6",0.31
59170300,"136 S Turner St, Victoria, BC V8V 2J8",James Bay Square,"425 Simcoe St, Victoria, BC V8V 4T3",0.34
59170301,"540 Rithet St, Victoria, BC V8V 1E2",James Bay Square,"425 Simcoe St, Victoria, BC V8V 4T3",0.35
59170301,"540 Rithet St, Victoria, BC V8V 1E2",Menzies Street Commercial hub,"239 Menzies St #101, Victoria, BC V8V 2G6",0.43
59170302,"40 Government St, Victoria, BC V8V 2K3",Menzies Street Commercial hub,"239 Menzies St #101, Victoria, BC V8V 2G6",0.43
59170302,"548 Dallas Rd, Victoria, BC V8V 1B3",James Bay Square,"425 Simcoe St, Victoria, BC V8V 4T3",0.46
59170303,"416 Luxton Ave, Victoria, BC V8V 1C9",James Bay Square,"425 Simcoe St, Victoria, BC V8V 4T3",0.25
59170303,"416 Luxton Ave, Victoria, BC V8V 1C9",Menzies Street Commercial hub,"239 Menzies St #101, Victoria, BC V8V 2G6",0.44
59170304,"132 Menzies St, Victoria, BC V8V 2G5",James Bay Square,"425 Simcoe St, Victoria, BC V8V 4T3",0.08
59170304,"132 Menzies St, Victoria, BC V8V 2G5",Menzies Street Commercial hub,"239 Menzies St #101, Victoria, BC V8V 2G6",0.22
59170305,"345 St James St, Victoria, BC V8V 1J7",James Bay Square,"425 Simcoe St, Victoria, BC V8V 4T3",0.17
59170305,"345 St James St, Victoria, BC V8V 1J7",Menzies Street Commercial hub,"239 Menzies St #101, Victoria, BC V8V 2G6",0.34
59170308,"443 Superior St, Victoria, BC V8V 4S7",Menzies Street Commercial hub,"239 Menzies St #101, Victoria, BC V8V 2G6",0.28
59170308,"443 Superior St, Victoria, BC V8V 4S7",James Bay Square,"425 Simcoe St, Victoria, BC V8V 4T3",0.34
59170309,"242 Ontario St, Victoria, BC V8V 1N2",James Bay Square,"425 Simcoe St, Victoria, BC V8V 4T3",0.47
59170310,"121 Michigan St, Victoria, BC V8V 1R2",James Bay Square,"425 Simcoe St, Victoria, BC V8V 4T3",0.69
59170311,"506 Pendray St, Victoria, BC V8V 0A9",Menzies Street Commercial hub,"239 Menzies St #101, Victoria, BC V8V 2G6",0.63
59170312,"111 Niagara St, Victoria, BC V8V 1G1",James Bay Square,"425 Simcoe St, Victoria, BC V8V 4T3",0.69
59170312,"22 Simcoe St, Victoria, BC V8V 1K2",James Bay Square,"425 Simcoe St, Victoria, BC V8V 4T3",0.87
59170313,"130 Ladysmith St, Victoria, BC V8V 1J4",James Bay Square,"425 Simcoe St, Victoria, BC V8V 4T3",0.65
59170313,"46 Pilot St, Victoria, BC V8V 2A4",James Bay Square,"425 Simcoe St, Victoria, BC V8V 4T3",0.48
59170371,"831 Walker St, Victoria, BC V9A 4C3",Westside Village Shopping Centre,"174 Wilson St, Victoria, BC V9A 7N7",0.88
59170371,"949 Hereward Rd, Victoria, BC V9A 4E1",Westside Village Shopping Centre,"174 Wilson St, Victoria, BC V9A 7N7",0.98
59170372,"637 Pine St, Victoria, BC V9A 2Z9",Westside Village Shopping Centre,"174 Wilson St, Victoria, BC V9A 7N7",0.83
59170372,"723 Belton Ave, Victoria, BC V9A 2Z7",Westside Village Shopping Centre,"174 Wilson St, Victoria, BC V9A 7N7",0.99
59170373,"639 Langford St, Victoria, BC V9A 3C8",Westside Village Shopping Centre,"174 Wilson St, Victoria, BC V9A 7N7",0.76
59170373,"824 Russell St, Victoria, BC V9A 3X7",Westside Village Shopping Centre,"174 Wilson St, Victoria, BC V9A 7N7",0.52
59170375,"822 Catherine St, Victoria, BC V9A 3C2",Westside Village Shopping Centre,"174 Wilson St, Victoria, BC V9A 7N7",0.36
59170376,"442 William St, Victoria, BC V9A 3Y9",Westside Village Shopping Centre,"174 Wilson St, Victoria, BC V9A 7N7",0.66
59170378,"230 Robert St, Victoria, BC V9A 3Z2",Westside Village Shopping Centre,"174 Wilson St, Victoria, BC V9A 7N7",0.78
59170378,"707 Esquimalt Rd, Victoria, BC V9A 3L7",Westside Village Shopping Centre,"174 Wilson St, Victoria, BC V9A 7N7",0.9
59170383,"2519 Rock Bay Ave, Victoria, BC V8T 4R7",Sandman Hotel Victoria,"2852 Douglas St, Victoria, BC V8T 4M5",0.32
59170383,"2519 Rock Bay Ave, Victoria, BC V8T 4R7",Hoyne Brewing Company,"2740 Bridge St #101, Victoria, BC V8T 5C5",0.37
59170383,"2519 Rock Bay Ave, Victoria, BC V8T 4R7",Blanshard Centre,"770 Bay St, Victoria, BC V8T 5E4",0.39
59170383,"2975 Jutland Rd 1st Flr, Victoria, BC V8T 5J9",Hoyne Brewing Company,"2740 Bridge St #101, Victoria, BC V8T 5C5",0.49
59170383,"David St, Victoria, BC V8T 2C6",Sandman Hotel Victoria,"2852 Douglas St, Victoria, BC V8T 4M5",0.12
59170383,"David St, Victoria, BC V8T 2C6",Hoyne Brewing Company,"2740 Bridge St #101, Victoria, BC V8T 5C5",0.36
59170384,"610 Dunedin St, Victoria, BC V8T 2L8",Douglas Centre,"2950 Douglas St, Victoria, BC V8T 4N4",0.21
59170384,"610 Dunedin St, Victoria, BC V8T 2L8",Sandman Hotel Victoria,"2852 Douglas St, Victoria, BC V8T 4M5",0.39
59170385,"3121 Steele St, Victoria, BC V8Z 3N7",Douglas Centre,"2950 Douglas St, Victoria, BC V8T 4N4",0.4
59170385,"3121 Steele St, Victoria, BC V8Z 3N7",Mayfair Shopping Centre,"3147 Douglas St, Victoria, BC V8Z 6E3",0.42
59170385,"550 Sumas St, Victoria, BC V8T 4S3",Douglas Centre,"2950 Douglas St, Victoria, BC V8T 4N4",0.19
59170386,"254 Gorge Rd E, Victoria, BC V9A 6W4",Douglas Centre,"2950 Douglas St, Victoria, BC V8T 4N4",0.73
59170386,"491 Cecelia Rd, Victoria, BC V8T 4T4",Douglas Centre,"2950 Douglas St, Victoria, BC V8T 4N4",0.49
59170387,"3052D Washington Ave, Victoria, BC V9A 1P6",Douglas Centre,"2950 Douglas St, Victoria, BC V8T 4N4",0.8
59170387,"3134 Washington Ave, Victoria, BC V9A 1P7",Douglas Centre,"2950 Douglas St, Victoria, BC V8T 4N4",0.8
59170388,"3052 Albany St, Victoria, BC V9A 1R5",Douglas Centre,"2950 Douglas St, Victoria, BC V8T 4N4",1.05
59170388,"3165 Balfour Ave, Victoria, BC V9A 1R9",Mayfair Shopping Centre,"3147 Douglas St, Victoria, BC V8Z 6E3",0.99
59170389,"21 Gorge Rd E, Victoria, BC V9A 1K7",Westside Village Shopping Centre,"174 Wilson St, Victoria, BC V9A 7N7",1.33
59170389,"2967 Irma St, Victoria, BC V9A 1S5",Douglas Centre,"2950 Douglas St, Victoria, BC V8T 4N4",1.26
59170389,"3064 Irma St, Victoria, BC V9A 1S6",Douglas Centre,"2950 Douglas St, Victoria, BC V8T 4N4",1.22
59170390,"141 Gorge Rd E, Victoria, BC V9A 6Z3",Westside Village Shopping Centre,"174 Wilson St, Victoria, BC V9A 7N7",1.28
59170390,"21 Lotus St, Victoria, BC V9A 1P3",Westside Village Shopping Centre,"174 Wilson St, Victoria, BC V9A 7N7",1.26
59170554,"29 Paddon Ave, Victoria, BC V8V 2M6",James Bay Square,"425 Simcoe St, Victoria, BC V8V 4T3",0.69
59170555,"647 Niagara St, Victoria, BC V8V 1J1",Menzies Street Commercial hub,"239 Menzies St #101, Victoria, BC V8V 2G6",0.6
59170555,"671 Beacon St, Victoria, BC V8V 1K1",Menzies Street Commercial hub,"239 Menzies St #101, Victoria, BC V8V 2G6",0.58
59170556,"1002 Carberry Gardens, Victoria, BC V8S 3R7",Fairfield Village Shopping Centre,"1516 Fairfield Rd, Victoria, BC V8S 1G1",1.18
59170556,"744 Pemberton Rd, Victoria, BC V8S 3R4",Fairfield Village Shopping Centre,"1516 Fairfield Rd, Victoria, BC V8S 1G1",0.91
59170557,"1475 Fort St, Victoria, BC V8S 1Z4",Fairfield Village Shopping Centre,"1516 Fairfield Rd, Victoria, BC V8S 1G1",1.31
59170557,"905 Pemberton Rd, Victoria, BC V8S 3R5",Fairfield Village Shopping Centre,"1516 Fairfield Rd, Victoria, BC V8S 1G1",1.13
59170558,"1550 Shasta Pl, Victoria, BC V8S 1X9",Fairfield Village Shopping Centre,"1516 Fairfield Rd, Victoria, BC V8S 1G1",1.04
59170598,"1746 Adanac St, Victoria, BC V8R 2C5",Hillside Centre,"1644 Hillside Ave #7, Victoria, BC V8P 4B6",1.23
59170600,"1735 Denman St, Victoria, BC V8R 1Y3",Hillside Centre,"1644 Hillside Ave #7, Victoria, BC V8P 4B6",1.58
59170601,"1626 Gladstone Ave, Victoria, BC V8R 1S7",Hillside Centre,"1644 Hillside Ave #7, Victoria, BC V8P 4B6",1.74
59170601,"2206 Lydia St, Victoria, BC V8R 4K5",Hillside Centre,"1644 Hillside Ave #7, Victoria, BC V8P 4B6",1.58
59170601,"2320 Shakespeare St, Victoria, BC V8R 4G3",Hillside Centre,"1644 Hillside Ave #7, Victoria, BC V8P 4B6",1.42
59170610,"440 Simcoe St, Victoria, BC V8V 1L3",James Bay Square,"425 Simcoe St, Victoria, BC V8V 4T3",0.13
59170610,"440 Simcoe St, Victoria, BC V8V 1L3",Menzies Street Commercial hub,"239 Menzies St #101, Victoria, BC V8V 2G6",0.19
59170611,"840 Humboldt St, Victoria, BC V8V 5B1",Cook Street Shopping Hub,"325 Cook St, Victoria, BC V8V 3X5",0.72
59170611,"950 Humboldt St, Victoria, BC V8V 2Z8",Cook Street Shopping Hub,"325 Cook St, Victoria, BC V8V 3X5",0.47
59170612,"1528 Coldharbour Rd, Victoria, BC V8R 1H5",Fairfield Village Shopping Centre,"1516 Fairfield Rd, Victoria, BC V8S 1G1",1.66
59170722,"19-103 Wilson St, Victoria, BC V9A 6X1",Westside Village Shopping Centre,"174 Wilson St, Victoria, BC V9A 7N7",0.54
59170723,"103 Tyee Rd, Victoria, BC",Westside Village Shopping Centre,"174 Wilson St, Victoria, BC V9A 7N7",0.26
59170805,"2121 Trans-Canada Hwy, Victoria, BC V8T 4L2",Blanshard Centre,"770 Bay St, Victoria, BC V8T 5E4",0.35
59170805,"515 Chatham St #103, Victoria, BC V8T 1E1",The Bay Centre,"1150 Douglas St, Victoria, BC V8W 3M9",0.62
59170806,"827 Princess Ave, Victoria, BC V8T 1K7",Blanshard Centre,"770 Bay St, Victoria, BC V8T 5E4",0.45
59170807,"1809 Douglas St, Victoria, BC V8W 0B8",The Bay Centre,"1150 Douglas St, Victoria, BC V8W 3M9",0.51
59170808,"933 Pembroke St, Victoria, BC V8T 1J1",Blanshard Centre,"770 Bay St, Victoria, BC V8T 5E4",0.7
59170809,"715 Pandora Ave, Victoria, BC V8W 1N9",The Bay Centre,"1150 Douglas St, Victoria, BC V8W 3M9",0.33
59170810,"1525 Amelia St, Victoria, BC V8W 2K1",The Bay Centre,"1150 Douglas St, Victoria, BC V8W 3M9",0.57
59170811,"1207 Douglas St #303, Victoria, BC V8W 2E7",The Bay Centre,"1150 Douglas St, Victoria, BC V8W 3M9",0.15
59170811,"517 Fort St, Victoria, BC V8W 2Y6",The Bay Centre,"1150 Douglas St, Victoria, BC V8W 3M9",0.18
59170811,"805 Gordon St, Victoria, BC V8W 1Z6",The Bay Centre,"1150 Douglas St, Victoria, BC V8W 3M9",0.29
59170814,"755 Humboldt St, Victoria, BC V8W 1B1",The Bay Centre,"1150 Douglas St, Victoria, BC V8W 3M9",0.52
59170814,"850 Blanshard St, Victoria, BC V8W 2H2",The Bay Centre,"1150 Douglas St, Victoria, BC V8W 3M9",0.41
59170815,"831 Yates St, Victoria, BC V8W 1M1",The Bay Centre,"1150 Douglas St, Victoria, BC V8W 3M9",0.43
59170816,"1116 Catherine St, Victoria, BC V9A 3V7",Westside Village Shopping Centre,"174 Wilson St, Victoria, BC V9A 7N7",0.54
59170816,"542 Northcott Ave, Victoria, BC V9A 2V4",Westside Village Shopping Centre,"174 Wilson St, Victoria, BC V9A 7N7",1.15
59170817,"787 Tyee Rd #309, Victoria, BC V9A 7R5",Westside Village Shopping Centre,"174 Wilson St, Victoria, BC V9A 7N7",0.26
59170819,"70 Saghalie Rd, Victoria, BC V9A 0B8",Westside Village Shopping Centre,"174 Wilson St, Victoria, BC V9A 7N7",0.55
59170820,"231 Russell St, Victoria, BC V9A 3X1",Westside Village Shopping Centre,"174 Wilson St, Victoria, BC V9A 7N7",0.51
59170820,"310 Robert St, Victoria, BC V9A 3Z4",Westside Village Shopping Centre,"174 Wilson St, Victoria, BC V9A 7N7",0.73
